IP Address,Name,,Headquarters of my organisation,,web,Type of organisation (multiple answers are possible),,,,,,"Is your organisation a migrant/diaspora organisation or led by a migrant or diaspora member? (For this survey, 'diaspora' means either you or at least one of your parents or grandparents are or were migrants)?",What is your organisation's main level of intervention? ,lon,lat
?,Open-Ended Response,Country of Residence,City:,Country:,Open-Ended Response,trade union,development organisation,academia,human rights organisation,private sector,Other (please specify),Response,Response,,
188.155.43.183,MIGRAF,Suisse,Geneve,,,,development organisation,,,,,Yes,Local/National,46.198392,6.142296
81.203.59.240,ASOCIACION PORTIMUJER,España,Valencia,España,http://www.asociacionportimujer.org/,,development organisation,,human rights organisation,,Mujer Migrante,Yes,Regional,39.469908,-0.376288
203188249122,INAFI Asia and INAFI Bangladesh,Bangladesh,Dakar,Senegal,www.inafiasia.net,,development organisation,,,,,No,Regional,14.764504,-17.366029
202.70.70.54,Youth Advocacy Nepal(YAN),Nepal,Kathmandu,Nepal,Www.yan.org.np,,,,human rights organisation,,,No,Regional,27.7,85.333333
103.230.107.27,Bangladesh NGOs Network for Radio & Communication,Bangladesh,Dhaka,Bangladesh,www.bnnrc.net,,development organisation,,,,Community Media,No,Local/National,23.810332,90.412518
85237234139,Society Development Institute,Slovakia,Bratislava,Slovakia,www.sdisk.eu www.comide.eu,,development organisation,,human rights organisation,,,Yes,International,48.145892,17.107137
46.14.11.163,Istituto Internazionale Maria Ausiliatrice - IIMA,SWITZERLAND,ROME,ITALY,CGFMANET.ORG - English blog: http://iimahumanrights.blogspot.com/,,,,human rights organisation,,,No,International,41.872389,12.48018
90.197.55.220,Markets4Development Ltd,United Kingdom,London,United Kingdom,www.markets4development.co.uk,,,,,private sector,Social Enterprise,Yes,International,51.507351,-0.127758
41.86.178.144,CENTRE FOR THE STUDY OF FORCED MIGRATION,TANZANIA,DAR ES SALAAM,TANZANIA,,,,academia,human rights organisation,,,Yes,International,-6.8,39.283333
181.48.125.12,Corporación Anne Frank Colombia,Colombia,Bogotá,Colombia,http://corporacionannefrank.blogspot.com/,,development organisation,,human rights organisation,,,Yes,Local/National,4.598056,-74.075833
108.206.29.48,ADAP-INTERNATIONAL/USA,United States,Houston,USA,www.adap-international.org,,development organisation,,,,,Yes,International,29.760427,-95.369803
49.244.40.197,INHURED International,Nepal,Lalitpur,Nepal,www.inhuredinternational.org,,,,human rights organisation,,,No,Regional,27.666667,85.316667
172.56.17.98,CBO COMUNITARIAS INC.,USA,Los Ángeles,USA.,www.cbousa.org,,development organisation,,,,,Yes,International,34.052234,-118.243685
27147128194,BRAC,Bangladesh,Dhaka,Bangladesh,www.brac.net,,development organisation,,,,,Yes,Local/National,23.810332,90.412518
41188125191,Centre Guide pour la Migration CGTM,Mauritanie,Nouakchott,Mauritanie,www.cgtm.org,trade union,,,,,,Yes,Local/National,18.1,-15.95
41.189.52.127,FRATERNITE SOLIDARITE JEUNESSE COTE D'IVOIRE,COTE D'IVOIRE,abidjan,cote D'Ivoire,www.fsjci.org,,development organisation,,human rights organisation,,,Yes,Regional,5.316667,-4.033333
46.44.183.98,TRANSCODE Programme,Netherlands,Utrecht,Netherlands,www.transcodeprogramme.org,,development organisation,academia,,,multistakeholders network on migration and development,Yes,International,52.090737,5.12142
83254138117,Somalia International Rehabilitation  Centre (SIRC),Sweden,Lund,Sweden,www.sirclund.se,,development organisation,academia,human rights organisation,,"Peace, Security and development focus",Yes,International,55.70466,13.191007
178194181237,CO-HABITER,Switzerland,Lausanne,Switzerland,www.co-habiter.ch,,development organisation,,human rights organisation,,,Yes,International,46.519962,6.633597
91.183.58.213,SOLIDAR,Belgium,Brussels,,www.solidar.org,,,,,,European Network,No,Local/National,50.85034,4.35171
41.137.57.146,CONSEIL DES MIGRANTS SUBSAHARIENS AU MAROC,ROYAUME DU MAROC,RABAT,ROYAUME DU MAROC,,,,,human rights organisation,,,Yes,Regional,33.959472,-6.870032
62.45.168.72,Habagat Foundation,The Netherlands,Utrecht,The Netherlands,,,development organisation,,human rights organisation,,,Yes,International,52.090737,5.12142
31.47.93.168,Tour Operation et Initiatives Ecosoc,DEMOCRARTIC REPUBLIC OF CONGO,KINSHASA,DEMOCRATIC REPUBLIC OF CONGO,,trade union,development organisation,academia,human rights organisation,private sector,,No,Local/National,-4.331667,15.313889
201141192106,Cambia la historia,Mexico,Mexico City,Mexico,www.cambialahistoria.org.mx,,,,human rights organisation,,,No,Local/National,19.432608,-99.133208
86.46.210.55,"Presentation Sisters, Northern Province, Ireland",Ireland,Athllone,Ireland,presentationsistersunion.org,,development organisation,,,,,No,International,53.423933,-7.94069
190.56.249.90,Instituto Centroamericano de Estudios Sociales y Desarrollo INCEDES,Guatemala,Guatemala,Guatemala,www.incedes.org.gt,,development organisation,academia,,private sector,,No,Regional,14.613333,-90.535278
84.241.193.22,Fonds pour l avancement des droits humains des femmes d'Afrique Francophone (FADHAF).,Netherlands,Amsterdam,Netherlands,www . francophonefund.org,,,,human rights organisation,,,Yes,International,52.370216,4.895168
103.230.105.21,Bangladesh NGOs Network for Radio & Communication,Bangladesh,Dhaka,Bangladesh,www.bnnrc.net,,development organisation,,,,Community Broadcasting,No,Local/National,23.810332,90.412518
50.40.252.204,Club Migrante Cheran Southern Illinois/St. Louis,US,"Murphysboro, Illinois",US,,,,,human rights organisation,,,Yes,International,37.764495,-89.335089
41.77.223.111,AREC( antenne pour la reconnaissance de l'environnement au Congo,République démocratique du Congo(RDC),Kinshasa,République démocratique du Congo,www.infoenvironnement-rdc.net,,development organisation,,human rights organisation,,,Yes,Local/National,-4.331667,15.313889
95.97.142.170,Healthnet TPO,Netherlands,Amsterdam,Netherlands,http://www.healthnettpo.org/en/871/news.html,,development organisation,,,,Non-profit organisation with a focus on Health,No,Local/National,52.370216,4.895168
27.32.137.122,"Presentation Sisters Victoria, Australia",Australia,"PO Box 2276 West St Kilda, 3182",Australia,www.presentationsociety.org.au,,,,,,Catholic Religious Congregation of Sisters,No,Local/National,-37.867512,144.978981
46.223.1.123,Women Lawyers without Frontiers,Germany,Freiburg,Germany,http://anwaeltinnen-ohne-grenzen.de/,,,,human rights organisation,,,Yes,International,47.999008,7.842104
62.108.24.138,Turkevi Research Centre,The Netherlands,Amsterdam,The Netherlands,www.turkevi.org,,,academia,,,Research,Yes,International,52.370216,4.895168
67.81.149.201,Union of Sisters of the Presentation of the B.V.M. - US Province,USA,"San Antonio, TX",USA,http://www.presentationsistersunion.org/,,,,,,Faith based,No,Local/National,29.424122,-98.493628
142.163.218.14,Congregation of the Sisters of the Presentation of Newfoundland and Labrador,Canada,"St. John's, NL",Canada,Www.presentationsisters.ca,,,,,,Religious Institute,No,Local/National,47.560541,-52.712831
202.62.16.248,Migrant CARE,Indonesia,Jakarta,Indonesia,www.migrantcare.net,,,,human rights organisation,,,No,Regional,-6.208763,106.845599
125238160192,Presentation Sisters,NewZealand,Monasterevin,Ireland,Presentationsistersunion.org,,,,,,Religious Congregation of Sisters,No,International,53.140065,-7.060377
124.43.252.185,Community Development Services (CDS),Sri Lanka,Colombo,Sri Lanka,Non Governmental Organisation,,,,human rights organisation,,,No,Local/National,6.927079,79.861243
203.59.224.179,Presentation Sisters (Western Australia),Australia,Perth,Australlia,presentationsociety.org.au,,,,,,Religious Congregation,No,Local/National,-31.953513,115.857047
99.5.74.240,International Union of Anthropological and Ethnological Sciences,US,Osaka,Japan,www.iuaes.com,,development organisation,,human rights organisation,,,Yes,International,34.693738,135.502165
49146210241,"Mindanao Migrants Center for Empowering Actions, Inc.",Philippines,"Davao City, Mindanao",Philippines,www.mindanaomigrant.com,,,,human rights organisation,,migrants and families organization,Yes,Local/National,7.190708,125.455341
124.149.46.99,Presentation Sisters Wagga Wagga Australia,Australia,Berala,Australia,,,,,,,Religious Congregation,No,Local/National,-33.871303,151.03224
107203106198,"Presentation Sisters, San Francisco, California",United States,"San Francisco, CA",United States,www.presentationsisterssf.org,,,,,private sector,Community of Sisters about Justice,No,Local/National,37.77493,-122.419416
41.223.117.26,Presentation Sisters,Zambia,Lusaka,Zambia,,,,,,,Religious Congregation,No,International,-15.416667,28.283333
189.167.122.32,federacion de clubes zacatecanos de Santa Ana Ca. USA,USA,"Buena Park, Ca.",USA,,,development organisation,,,,,Yes,International,33.867514,-117.998118
41.207.163.5,ONG Mouvement d'Action pour le Renouveau Social (MARS),Togo,Lomé,TOGO,marsong200@gmail.com,,development organisation,,human rights organisation,,,No,Regional,6.131944,1.222778
197.224.75.96,Migration and Sustainable Development Alliance,Mauritius,"G.R.N.W., Port-Louis",Mauritius,www.mtucongress.com,,development organisation,academia,human rights organisation,,,Yes,Regional,-20.166667,57.516667
41.77.223.110,CFERD,DR Congo,Kinshasa,D R Congo,,,development organisation,,,,,Yes,Local/National,-4.331667,15.313889
27.34.92.165,South Asian Regional Trade Union Council (SARTUC),Nepal,New Delhi,India,www.sartuc.org,trade union,,,,,,Yes,Regional,28.632244,77.220724
82136235106,AUXFIN International,Netherlands,Bruchem,Netherlands,www.auxfin.com,,,,,private sector,,No,International,51.786754,5.238332
83.251.5.114,ONG FAWZI WANADIATY,Senegal,Dakar,Senegal,www.fwn.org,,development organisation,,human rights organisation,,,Yes,International,14.764504,-17.366029
87.64.165.167,Recherches et Documentation Juridiques Africaines asbl,Belgium,Brussels,Belgium,Coming soon,,,academia,,,,Yes,International,50.85034,4.35171
41109196200,EL amel Association For SOCIAL development,Algeria,Algiers,Algeria,,,development organisation,academia,human rights organisation,,,No,Regional,36.752887,3.042048
185.22.35.1,Together To Palestine,Lebanon,Beirut,Lebanon,,,development organisation,,human rights organisation,,,Yes,Regional,33.888629,35.495479
187232222100,"Colectivo de Apoyo para personas Migrantes, COAMI",Mexico,Mexico city,Mexico City,https://www.facebook.com/ColectivoCoami?fref=ts,,,,human rights organisation,,,Yes,Regional,19.432608,-99.133208
41.66.37.3,FRATERNITE SOLIDARITE JEUNESSE COTE D'IVOIRE,COTE D'IVOIRE,ABIDJAN,COTE D'IVOIRE,www.fsjci.org,,development organisation,,human rights organisation,,,No,Regional,5.316667,-4.033333
190122121126,FUNDACION ETNICA INTEGRAL,República Dominicana,Santo Domingo,República Dominicana,wwwfundacionetnicaintegral.com,,development organisation,,human rights organisation,,Trabajo con Inmigrantes Haitianos y Apatridia en Republica Dominicana,Yes,Local/National,18.466667,-69.95
103242216254,"Refugee and Migratory Movements Research Unit, RMMRU",Bangladesh,Dhaka,Bangladesh,www.rmmru.org,,,academia,human rights organisation,,,No,Local/National,23.810332,90.412518
189.146.25.251,Shelter of Migrants Gonzalez and Martínez,México,"México, DF",México,http://www.estanciamigrantegym.org,,,,human rights organisation,,,No,Regional,19.432608,-99.133208
91178180151,Le Collectif des Femmes Africaines du Hainaut,Belgique,Charleroi,Belgique,www.cfah.be,trade union,development organisation,,,,,Yes,International,50.41081,4.444643
119.156.19.137,TCR Development Organization,Pakistan,Quetta,Pakistan,www.tcrdo.webs.com,,development organisation,,human rights organisation,,,No,Local/National,30.182971,66.998734
112.135.0.0,Lanka Migrant Rights & Development Syndicate,Sri Lanka,Ratnapura,Sri Lanka,,trade union,development organisation,,human rights organisation,,,,Regional,6.708103,80377
200.80.116.234,Action Secours Ambulance (ASA),Haïti,Croix des Bouquets,Haïti,Action Secours Ambulance (ASA),,development organisation,,,,NGO,No,Local/National,18.5761,-72.2269
73163216166,PNCC,USA,kathmandu,Nepal,pncc.org.np,,,,human rights organisation,,,Yes,Local/National,27.7,85.333333
41.82.109.47,Mutuelle d'Epargne et de Crédit des Sénégalais de France,Sénégal,Dakar,Sénégal,www.mecsef.com,,development organisation,,human rights organisation,,"Microfinances, Appui encadrement des migrants",Yes,International,14.764504,-17.366029
41.206.1.13,TOMORROW'S WOMEN DEVELOPMENT ORGANIZATION,NIGERIA,ABUJA,NIGERIA,www.tomorrowswomendevelopment.org,,development organisation,,human rights organisation,,,No,Local/National,9.066667,7.483333
41.189.201.2,Save the Climat,D.R.CONGO,"10,Mangala II, Mont Ngafula, Kinshasa",Democratic Republic of Congo,,,development organisation,,human rights organisation,,Non Governmental Organization,Yes,Regional,-4.424722,15.295556
108.182.6.239,Centro de Documentación en Derechos Humanos “Segundo Montes Mozo S.J.” (CSMM),Ecuador,Quito,Ecuador,,,,,human rights organisation,,,No,Local/National,-0.180653,-78.467838
91.68.129.206,Plateforme Euromarocaine Migration Développement Citoyenneté Démocratie,France,Bruxelles,Belgique,,,development organisation,,,,,Yes,International,50.85034,4.35171
41.215.158.66,KEJIBAUS,SWAZILAND,AKURE,NIGERIA,,,,,,,NGO/CSO,Yes,Regional,7.25,5195
94194217227,Diaspora for African Development (DfAD),United Kingdom,London,London,www.dfad.org.uk,,development organisation,,,,,Yes,International,51.507351,-0.127758
113.199.184.36,Alliance Against Trafficking in Women and Children in Nepal (AATWIN),Nepal,Kathmandu,Nepal,www.aatwin.org.np,,,,,,National level network against human trafficking,No,Local/National,27.7,85.333333
196.207.237.46,Association Sénégalaise pour la Promotion des Energies Renouvelables,Sénégal,Khombole,Sénégal,,,development organisation,,,,,No,International,14.767387,-16.685136
188203125200,Representative Council of Ghanaian Organisations in the Netherlands (RECOGIN),The Netherlands,Amsterdam,The Netherlands,www.recogin.org,,development organisation,,,,,Yes,Local/National,52.370216,4.895168
197.157.209.1,CONSTRUISONS ENSEMBLE LE MONDE,DEMOCRATIC REPUBLIC OF CONGO,KINSHASA-LINGWALA,DEMOCRATIC REPUBLIC OF CONGO,www.ongcem.org( en construction),,,,human rights organisation,,,No,Local/National,-4.320278,15.298333
109.77.253.153,"Africa Centre, Ireland",Ireland,Dublin,Ireland,www.africacentre.ie,,development organisation,,,,,Yes,Local/National,53.349805,-6.26031
79.144.88.92,Fundacion CEPAIM,Spain,National,Spain,www.cepaim.org,,development organisation,,,,,Yes,Local/National,40.423505,-3.689432
95.252.41.254,Annulliamo La Distanza onlus,Italy,Florence,Italy,www.annulliamoladistanza.org,,development organisation,,,,,No,International,43.771033,11.248001
165228148158,MIGRANTE AUSTRALIA,Australia,Melbourne,Australia,migrante.org.au,,,,human rights organisation,,Migrants Organisation,Yes,Local/National,-37.814107,144.96328
174.54.153.95,Countryside Community Church - A United Methodist Community,The United States of America,"Clarks Summit, PA",USA,http://www.countryside-church.org,,,,,,Church,No,,41.488689,-75.708525
87.20.170.155,COOPERAZIONE INTERNAZIONALE SUD SUD,Italia,Palermo,Italia,www.cissong.org,,development organisation,,,,,No,International,38.115688,13.361267
201124236112,Baptist Seminary of Mexico,México,Distrito Federal,México,,,,academia,,,,Yes,Local/National,19.24647,-99.10135
89.133.133.25,Artemisszio Foundation,Hungary,Budapest,Hungary,artemisszio.bolg.hu,,,,human rights organisation,,,No,International,47.497912,19.040235
89.96.63.195,Istituto Pace Sviluppo Innovazione Acli (IPSIA),Italy,Rome,Italy,www.ipsia-acli.it,,development organisation,,,,,No,International,41.872389,12.48018
195.94.185.71,FOCSIV,Italy,rome,italy,www.focsiv.it,,development organisation,,human rights organisation,,,No,International,41.872389,12.48018
213174191222,NEXUS Solidarietà Internazionale Emilia Romagna,Italy,Bologna,Italy,www.nexusemiliaromagna.org,,,,,,NGO,No,International,44.494887,11.342616
178.59.109.236,HELLENIC PLATFORM DEVELOPMENT,GREECE,ATHENS,GREECE,www.hellenic-platform-dev.gr,,development organisation,,,,,No,International,37.983917,23.72936
79.0.23.59,Fairwatch,Italy,Rome/Pisa,Italy,www.tradegameblog.com,,development organisation,,,,,No,Local/National,41.917116,12.523904
81245198227,CEFOREC INTERNATIONAL NETWORK,Belgique,Bruxelles,Belgium,,,development organisation,,,,,Yes,International,50.85034,4.35171
63156243253,Red Jesuita con Migrantes República Dominicana,República Dominicana,Santo Domingo,República Dominicana,,,,,human rights organisation,,,No,Local/National,18.466667,-69.95
64.196.44.10,Sinsinawa Dominicans,USA,"Sinsinawa, Wisconsin",USA,www.sinsinawa.org,,,,,,Congregation of Catholic Sisters,No,Local/National,42.522982,-90.541162
149154228175,L.D.H.  C HARLROI,142  RUE  C.DEBRYN  6042   LODELINSART,hainaut,belgium,,,,,human rights organisation,,,No,Local/National,50.525708,4.062102
93.62.22.216,Caritas Internationalis,Italy,Vatican City,Vatican City State,www.caritas.org,,development organisation,,,,,No,International,41.902387,12.451236
83163174232,ERCMOVE,The Netherlands,Rhoon,The Netherlands,www.ercmove.nl,,development organisation,,human rights organisation,,,Yes,International,51.856361,4.42548
82161200213,Transcode Programme,Netherlands,Utrecht,Netherlands,www.transcodeprogramme.org,,development organisation,academia,human rights organisation,private sector,migration and development multi-stakeholder organisations,Yes,International,52.090737,5.12142
91.137.88.190,International Catholic Migration Commission,Switzerland,Geneva,Switzerland,www.icmc.net,,development organisation,,human rights organisation,,humanitarian also,Yes,International,46.198392,6.142296
197.229.242.48,Consortium for Refugees and Migrants in South Africa,South Africa,Johannesburg,South Africa,www.cormsa.org.za,,,,human rights organisation,,,Yes,Local/National,-26.204103,28.047305
86.90.21.51,Dutch Consortium Migrant Organizations (DCMO),Netherlands,the Hague,nentherlands,,,development organisation,,,,Migrant and development,Yes,Local/National,52.070498,4.3007
193239221248,Pax Romana,Switzerland,GENEVA,Switzerland,www.icmica-miic.org,,,academia,human rights organisation,,Faith-Based Civil Society Organization,No,International,46.198392,6.142296
95.253.40.234,Congregation Romaine de Saint Dominique,Italie,Rome,Italie,crsdop.org,,,,,,congregation religieuse,No,International,41.872389,12.48018
71.125.46.170,"Maryknoll Sisters, CenterCerns",United States,Ossining,United States,http://www.maryknollsisters.org/,,,,human rights organisation,,In Service to those in need...,No,International,41.162873,-73.861525
94.225.18.92,International Young Christian Workers,Belgium,Brussels,Belgium,www.joci.org,,,,,,Workers Organisation,Yes,International,50.85034,4.35171
202.74.183.239,DOMINICAN SISTERS OF WESTERN AUSTERN,AUSTRALIA,PERTH,AUSTRALIA,,,,,,,,,,-31.953513,115.857047
187.54.114.201,serviço pastoral dos migrantes - goiania,Brasil,Goiania,,spmgoiania@gmail.com,,,,,,,Yes,Local/National,-16.686891,-49.264794
151.200.239.74,Maryknoll Office for Global Concerns,United States,"Washington, DC",United States,https://www.maryknollogc.org,,,,,,religious NGO,No,International,38.907192,-77.036871
173.10.89.66,Sisters of St. Dominic of Tacoma,United States of America,"Tacoma, Washington",United States of America,www.tacomaop.org,,,,,,Religious congregation,No,Local/National,47.252877,-122.444291
86.90.21.51,TitanE Foundation,Netherland,Houten,Netherland,www.stichtingtitane.com,,development organisation,,,,,Yes,Local/National,52.027843,5.163002
75.99.90.10,"Sisters of St. Dominic, Amityville, NY","Brooklyn, NY","Amityville, NY",USA,,,,,,,Religious Congregation,No,Regional,40.678989,-73.417067
92.108.47.215,African Diaspora Policy Centre,The Netherlands,The Hague,The Netherlands,www.diaspora-centre.org,,,,,,TinkTank,Yes,International,52.070498,4.3007
77.166.43.141,Burundian Women for Peace and Development (BWPD),Netherlands,Rotterdam and Kirundo,Netherlands and Burundi,www.bwpd.nl,,development organisation,,human rights organisation,,,Yes,International,51.92442,4.477733
84241199158,Computers FOR Development,Netherlands,Wassenaar,Netherlands,www.computersfordevelopment.org,,development organisation,,,,,Yes,International,52.14291,4.401213
80.56.243.113,SMHO,Netherlands,Amsterdam,Netherlands,www.smho.org,,development organisation,,human rights organisation,,,Yes,International,52.370216,4.895168
193239221248,Associazione Comunita Papa Giovanni XXIII,Italy,Rimini,Italy,www.apg23.org,,,,human rights organisation,,Catholic inspired NGO,No,International,44.067829,12.569516
217.133.229.52,Missionary Sisters of the Holy Spirit,Italy,Roma,Italy,www.worldssps.org,,,,,,catholic congretation,No,International,41.872389,12.48018
85.18.161.102,Dominicaines,Rome,Rome,Italie,,,,,,,,,,41.872389,12.48018
68.36.251.53,"Sisters of St. Dominic of Caldwell, NJ",USA,Caldwell,USA,OPSCC,,,,,,,Yes,International,43.662938,-116.68736
75.99.90.10,Sisters of St. Dominic,USA,"Amityville, new York",USA,,,,,,,Religious Congregation,No,Local/National,40.678989,-73.417067
187.53.47.147,Irmãs Dominicanas de Monteils,Brasil,São Paulo,Brasil,,,,,,,Congregação Religiosa,Yes,International,-23.55052,-46.633309
67.83.8.82,Dominican Sisters of Hope,United States of America,"Ossining, New York",USA,ophope.org,,,,,,Roman Catholic Religious Congregation,No,Local/National,41.162873,-73.861525
24.90.80.87,Scalabrini International Migration Network - SIMN,United States of America,New York,United States of America,www.simn-global.org,,,,human rights organisation,,,Yes,International,40.712784,-74.005941
96.56.229.226,"Sisters of St.Dominic of Blauvelt, NY",United States of America,"Blauvelt, New York",United States of America,www.opblauvelt.org,,,,,,Religious Congregation,Yes,Local/National,41.06343,-73.957638
71.183.126.58,Dominican Sisters- Sparkill,United States,Sparkill,USA,www.sparkill.org,,,,human rights organisation,,religious- social services,No,International,41.029967,-73.928261
121.96.219.211,Dominican Sisters of St. Catherine of Siena,Philippines,Quezon City,Philippines,http://www.motherfrancisca-opsiena.net/,,,,,private sector,religious congregation,Yes,Local/National,14.676041,121.0437
50.76.1.81,Leadership Conference of Women Religious,USA,"Silver Spring, Maryland",USA,www.lcwr.org,,,,,,Faith-based,No,Local/National,38.990666,-77.026088
82107143146,"Maryknoll, ICR- Rome",Italy,Rome,,,,,,,,Religious Organization,No,International,41.9027835,12.496365500000024
201.229.40.71,dominican sisters of Bethany,Netherlands,Thorn,Netherlands,dominicanessenvanbethanie.nl,,,,,,religious congregation,No,International,51.162613,5.842721
121.73.237.5,Dominican Sisters,New Zealand,,,,,,,,private sector,,No,,,
75.99.90.10,Srs. of St. Dominic- Amityville,US,Amityville,US,www.amityvilleop.org,,,,,,religious congregation,No,Local/National,40.678989,-73.417067
75.99.90.10,Sisters of Saint Dominic of Amityville,USA,Amityville,USA,,,,,,,Religious Congregation,No,Local/National,40.678989,-73.417067
173.165.12.161,Dominican Sisters of Springfield,United States,"Springfield, Illinois",United States,www.springfieldop.org,,,,,,Religious Congregation,No,Local/National,39.781721,-89.650148
96.56.229.226,Dominican Sisters in Committed Collaboration,USA,Blauvelt,USA,www.opscc.org,,,,,,religious organization,No,Regional,41.06343,-73.957638
24.142.161.66,Racine Dominican Leadership Team,USA,Racine,USA,www.racinedominicans.org,,,,,,Religious Community,No,Local/National,42.726131,-87.782852
64229106110,Dominicaines Missionnaires Adoratrices,Canada,Quebec City,Canada,http://op-dma.com/,,,,,,Religious Community,No,Local/National,46.803283,-71.242796
96.224.7.246,Religious of the Sacred Heart of Mary,USA,Rome,Italy,rscm-gen.org,,,,,,International Religious NGO accredited to the UN,No,International,41.872389,12.48018
81.56.55.13,Dominicaines Notre Dame de Grace,Norway,Oslo,Norway,,,,,,,Religious order,No,Local/National,59.913869,10.752245
212.103.78.118,HELVETAS Swiss Intercooperation,Switzerland,Bern/Zürich,Switzerland,http://helvetas.org/,,development organisation,,,,,No,International,47.381705,8.395708
101.173.42.170,Dominican Sisters of Eastern Australia and Solomon Islands,Australia,Sydney,Australia,www.opeast.org.au,,,,,,Religious Congregation,No,Regional,-33.867487,151.20699
78.99.158.104,Kongregacia sestier dominikanok bl. Imeldy,,Bratislava,Slovakia,www.dominikanky.sk,,,,,,church organization,No,Regional,48.145892,17.107137
88.189.21.209,Service International d'Appui au Développement,France,Montreuil,France,www.siad.asso.fr,,development organisation,,,,,No,International,48.863812,2.448451
213.203.149.46,DOMINICAN SISTERS OF BLESSED IMELDA,ITALY,ROME,ITALY,,,,,,,religious congregation,No,,41.872389,12.48018
23.30.85.118,"Dominican Sisters of Houston, Texas USA",USA,"Houston, Texas",USA,"Dominican Sisters of Houston, Tx. domhou.org",,,,,,religious community of sisters,No,Local/National,29.760427,-95.369803
173.13.185.5,Dominican Sisters of San Rafael,USA,San Rafael,USA,Wwwsanrafaelop.org,,,,,,Religious Congregation,No,Local/National,37.973535,-122.531087
69.117.48.217,"Sisters of St Dominic or Blauvelt, NY",USA,"Blauvelt, NY",USA,opblauvelt.org,,,,,,religious sisters,No,Local/National,41.06343,-73.957638
68.66.19.180,Adrian Dominican Sisters,USA,"Adrian, MI 49221",USA,www@adriandominicans.org,,,,,,Religious Congregation,Yes,Local/National,41.897547,-84.037166
213.200.236.91,Edmund Rice International,France,Geneva,Switzerland,http://www.edmundriceinternational.org/,,,,human rights organisation,,,No,International,46.198392,6.142296
68169243154,Sinsinawa Dominican Sisters,United States,"Sinsinawa, Wisconsin",United States,www.sinsinawa.org,,,academia,human rights organisation,,Ministering to immigrants,No,Local/National,42.522982,-90.541162
23.30.85.118,Domincan Sisters of Houston,Untied States,"Houston, TX",United States,http.www.domhou.org/,,,,,,Congregation of women religious,No,Local/National,29.760427,-95.369803
83.172.236.31,Dominicans for Justice and Peace (Order Of Preachers),Italy,Geneva,Switzerland,http://un.op.org,,,,,,religious organisation,No,International,46.198392,6.142296
84.253.184.98,Dominican Sisters International,Italy,Rome,Italy,www.dsi.org,,,,,,Religious,No,International,41.872389,12.48018
96.246.62.76,Dominican Leadership Conference/Dominican Sisters International,USA,New York / Rome,USA / Italy,www.domlife.org / www.dsiop.org,,,,,,Dominican Sisters and Brothers advocating on behalf of human rights,No,International,43.212847,-75.45573
83.140.27.203,Caritas Sweden,Sweden,Stockholm,Sweden,www.caritas.se,,development organisation,,,,,No,International,59.329323,18.068581
193.73.242.1,World Council of Churches,Switzerland,Geneva,Switzerland,www.oikumene.org,,,,,,Faith based organisation,Yes,International,46.198392,6.142296
39.53.81.198,Pakistan Rural Workers Social Welfare Organization,Pakistan,Bahawalpur,Pakistan,www.prwswo.org,,,,human rights organisation,,,No,Local/National,29.395722,71.683333
86.86.110.65,BASUG - Diaspora and Development,NETHERLANDS,The Hague,NETHERLANDS,www.basug.nl,,development organisation,,,,,Yes,Regional,52.070498,4.3007
72227191152,Center for Migration Studies of New York,United States,New York,,http://cmsny.org/,,,academia,,,,Yes,International,40.712784,-74.005941
84198162236,ICMC,Geneva,Geneva,Switzerland,www.icmc.net,,,,human rights organisation,,,No,International,46.198392,6.142296
84198162236,Verité,,,United States of America,www.verite.org,,,,,,,,,37.09024,-95.712891
86.160.35.7,RED-UK,United Kingdom,Bognor Regis,United Kingdom,,,development organisation,,,,Diaspora Organisation,Yes,International,50.782998,-0.673061
89.93.45.35,CEFIR,france,dunkerque,france,www.cefir.fr,,development organisation,,,,,Yes,International,51.034368,2.376776
217128129110,centre social jacques brel,France,port de bouc,france,,,,,,,association,Yes,Local/National,43.405449,4.985931
90.3.80.111,Krokula,France,Vincennes,France,www.krokula.fr,,development organisation,,,,,No,International,48.847759,2.439497
64.20.199.44,Justice Team of the Congregation of St. Joseph,United States of America,"Cleveland, OH",USA,www.csjoseph.org,,,,,,congregation of women religious,No,Local/National,41.49932,-81.694361
109.1.184.62,Coordination SUD,France,Paris,France,www.coordinationsud.org,,development organisation,,,,,No,International,48.856614,2.352222
189196211247,Benemérita Universidad Autónoma de Puebla,mexico,"Puebla , Puebla México",México,www.buap.mx,,,academia,,,,Yes,International,19.041297,-98.2062
79.58.240.25,ASCS - Agenzia Scalabriniana per la Cooperazione allo Sviluppo,Italy,Milan,Italy,www.ascsitalia.it,,development organisation,,,,,No,International,45.465422,9.185924
190.20.243.69,Fundacion Scalabrini and SIMN,CHILE,SANTIAGO,CHILE,www.fundacionscalabrini.cl,,development organisation,,human rights organisation,,,No,Regional,-33.46912,-70.641997
194.100.93.107,Suomen World Vision / World Vision Finland,Finland,Helsinki,Finland,www.worldvision.fi,,development organisation,,,,,No,International,60.173324,24.941025
78.193.46.106,COSIM-LR,France,MONTPELLIER,fRANCE,,,development organisation,,human rights organisation,,,Yes,International,43.610769,3.876716
88.136.31.123,ENERGIES 2050,FRANCE,BIOT,FRANCE,www.energies2050.org,,development organisation,,human rights organisation,,NGO (Non profit organisation),No,International,43.626851,7.09808
79.136.121.93,LO-TCO Secretariat of Trade Union Development Cooperation,Sweden,Stockholm,Sweden,www.lotcobistand.org,trade union,development organisation,,human rights organisation,,,No,International,59.329323,18.068581
74.73.21.59,Scalabrini International Migration Network - SIMN,United States,New York,United States,www.scalabrinimigration.org,,,,human rights organisation,,,Yes,International,40.712784,-74.005941
68195135229,World Christian Life Community,USA,Rome,Italy,www.cvx-clc.net,,,,human rights organisation,,Faith Based,Yes,International,41.872389,12.48018
142.163.218.14,Congregation of the Sisters of the Presentation - NL,Canada,"St. John's, NL",Canada,www.presentationsisters.ca,,,,,private sector,Religious Sisters,No,Local/National,47.560541,-52.712831
196.217.30.89,Réseau Marocain Transnational Migration & Développement (RMTMD),Morocco,Rabat,Morocco,Page Facebook : https://www.facebook.com/rmtmd.migrationdeveloppement,,development organisation,academia,human rights organisation,,,Yes,International,33.97159,-6.849813
85.76.114.251,Maailmankauppayhdistys Sikitiko ry,Lappeenranta,,,,,development organisation,,,,,,Local/National,61.05494119999999,28.18962590000001
77.53.124.174,Caritas Sweden,Sweden,Stockholm,Sweden,www.caritas.se,,development organisation,,,,,No,Local/National,59.329323,18.068581
68.62.17.88,Gray Panthers,USA,"Washington, D.C.",USA,www.graypanthers.org,,,,,,social justice activist organization,No,Local/National,38.907192,-77.036871
217127148170,ADYNE,Belgium,Brussels,Belgium,www.adyne.eu,,,,,,Platform of youth organisations,Yes,International,50.85034,4.35171
194.71.244.137,Swedish Building Workers' Union,Sweden,Stockholm,Sweden,www.byggnads.se,trade union,,,,,,No,Local/National,59.329323,18.068581
131.117.202.89,Forum des Organisations de Solidarité Internationale issue des Migrations,France,Paris,France,www.forim.net,,development organisation,,,,,Yes,International,48.856614,2.352222
188.62.196.171,Association pour la promotion des droits humains (APDH),Suisse,Genève,Suisse,www.apdh.ch,,,,human rights organisation,,,Yes,Local/National,46.198392,6.142296
83.145.210.46,Finnish Refugee Council,Finland,Helsinki,Finland,www.pakolaisapu.fi,,development organisation,,human rights organisation,,,No,International,60.173324,24.941025
194.151.38.106,The Hague Process on Refugees and Migration (THP),Nederland,The Hague,Netherlands,www.thehagueprocess.org,,,,,,multidisciplinary organisation,No,International,52.070498,4.3007
41.109.193.76,El Amel Association For Social Development,Algeria,Algiers,Algeria,,,development organisation,academia,human rights organisation,,,No,Regional,36.752887,3.042048
50.191.77.243,International Forum For the Rlghts of Black People,U S A,Phildelphia,PA,WWW>IFRBP>COM,,,,human rights organisation,,,No,International,39.952584,-75.165222
203188249122,International Network Of Alternative Financial Institutions (INAFI),Bangladesh,Dhaka,Bangladesh,www.inafiasia.net,,development organisation,,,,,No,Regional,23.810332,90.412518
39.34.155.4,Worldan Welfare Association,Pakistan,Nankana Sahib,Pakistan,http://www.ngowwa.com.pk,,development organisation,,human rights organisation,,,Yes,Local/National,31.45,73.7
175.136.206.9,Migration Working Group,Malaysia,Kuala Lumpur,Malaysia,-,,,,,,Coalition of key NGOs working on issues pertaining to non-citizens,Yes,Local/National,3.139003,101.686855
108.21.9.35,National Council of Women of USA,United States,New York,USA,ncwus.net,,,,,,non-profit,No,Local/National,40.712784,-74.005941
99.248.224.17,Canadian Federation of Sisters of St. Joseph,Canada,Toronto,Canada,www.csjfederation.ca,,,,,,religious orders,No,Local/National,43.653226,-79.383184
197.231.155.25,Liberians United to Expose Hidden Wespind,Liberia,Monrovia,Liberia,,,development organisation,,human rights organisation,,,No,Local/National,6.313333,-10.801389
124.171.8.158,Sisters of St Joseph,Australia,Sydney,Australia,www.sosj.org.au,,,,,,Religious Congregation,No,Local/National,-33.867487,151.20699
149.200.136.58,Tamkeen Fields for Aid,Jordan,Amman,Jordan,www.tamkeen-jo.org,,,,human rights organisation,,,Yes,Local/National,31.956578,35.945695
58.97.141.69,kathak academy bangladesh(KAB)UNCSOs,bangladesh,dhaka,bangladesh,www.kabbd.org(under constraction ),,,,,,social service,No,Local/National,23.810332,90.412518
47.20.98.109,Action Aides aux Familles Demunies,Mali,Bamako,Mali,www. Action Aides aux Familles Demunies,,development organisation,,,,,Yes,Local/National,12.65,-8
84.80.128.38,YSEA Foundation,Netherlands,Tilburg,Netherlands,www.ysea.eu,,development organisation,,,,,Yes,International,51.560596,5.091914
92.232.218.65,POSITIVE RUNWAY,United Kingdom,London,United Kingdom,http://www.positiverunway.org,,development organisation,,,,,Yes,International,51.507351,-0.127758
179219103110,CIBAI Mnigrações,Brazil,Porto Alegre - Rio Grando do Sul,Brazil,www.cibaimigracoes.com.br,,,,human rights organisation,,,Yes,Local/National,-30.034647,-51.217658
80.215.199.2,FORIM,France,Paris,France,www.forim.net,,development organisation,,human rights organisation,,,Yes,International,48.856614,2.352222
82.168.152.34,Georgian Diaspora Foundation,Netherlands,Utrecht,Netherlands,www.geo-diaspora.nl,,development organisation,,,,,Yes,International,52.090737,5.12142
41.189.38.93,FRATERNITE SOLIDARITE JEUNESSE COTE D'IVOIRE,IVORY COAST,ABIDJAN,IVORY COAST,www.fsjci.org,,development organisation,,human rights organisation,,,No,Regional,5.316667,-4.033333
77.172.162.53,African Sky,Netherlands,Utrecht,Netherland,www.africansk.nl,,,,human rights organisation,,,Yes,International,52.090743,5.123859
198.105.46.40,International Council of Psychologists,U.S,st augustine,U.S.,icpweb.org,,,academia,,,,No,International,29.894722,-81.314444
173.13.53.233,"Sisters of St. Joseph-Baden, PA",United States,"Baden, PA",United States,www.stjoseph-baden.org,,,,,,Community if Women Religious,No,Local/National,40.635067,-80.228116
81246119142,Alianza por la Solidaridad (APS),Belgium,Madrid,Spain,http://www.alianzaporlasolidaridad.org/,,development organisation,,,,,No,International,40.416775,-3.70379
207.237.88.195,Femmes et Contributions au Développement (FECODEV),France,Paris,France,www.fecodev.org,,development organisation,,,,,Yes,International,48.856614,2.352222
83145211224,"MONIKA - Multicultural Women's Association, Finland",Finland,Helsinki,Finland,www.monikanaiset.fi,,,,human rights organisation,,,Yes,Local/National,60.173324,24.941025
83.114.61.152,Forum des Organisations de Solidarité Internationale issues des Migrations (FORIM),France,Paris,France,www.forim.net,,development organisation,,,,"Représentation, structuration et renforcement des capacités des organisations de solidarité internationale issues de l'immigration",Yes,International,48.856614,2.352222
91.177.179.10,Le Collectif des Femmes Africaines du Hainaut,Belgique,Charleroi,Belgique,www.cfah.be,,development organisation,,,,,,Regional,50.41081,4.444643
5.49.196.112,Réseau de Compétences Solidaires,France,MDA 13èmé Paris,France,,,development organisation,academia,human rights organisation,private sector,,Yes,International,48.856614,2.352222
80.4.147.13,WWAFE - Women Worldwide Advancing Freedom & Equality,"United Kingdom, Australia, United States",Cambridge  & London,United Kingdom,,,,,human rights organisation,,,,International,51.480596,-0.093955
86.75.12.223,TOUIZA SOLIDARITÉ,France,Paris,,www.touiza-solidarite.org,,development organisation,,,,,Yes,International,48.856614,2.352222
71226205147,"Society for the Psychological Study of Social Issues; Psychology Coalition at the United Nations, New York",USA,"Washington, DC",USA,www.spssi.org; www.psychologycoalitionun.org,,,academia,human rights organisation,,,No,International,38.907192,-77.036871
76.24.209.15,UN Committee to Stop Trafficking in Persons,United States,New York,USA,,,,,human rights organisation,,,No,International,40.712784,-74.005941
100.33.97.87,World Federation of Ukrainian Women's Organizations,USA,"Toronto, Ontario",Canada,www.WFUWO.org,,,,human rights organisation,,humanitarian,Yes,International,43.653226,-79.383184
151.40.211.127,VIVAT International,USA,New York,USA,www.vivatinternational.org,,,,human rights organisation,,,No,International,40.712784,-74.005941
82231149183,TOFRES,FRANCE,RENNES,FRANCE,,,development organisation,,,,,Yes,International,48.117266,-1.677793
83.199.22.130,COSIM Bretagne (Collectif des Organisations de Solidarité Internationales issues des Migrations de Bretagne,France,Rennes,France,,,,,,,International solidarity,Yes,Regional,48.117266,-1.677793
131.117.202.89,FORIM,France,Paris,France,www.forim.net,,development organisation,,,,,Yes,Local/National,48.856614,2.352222
74.71.51.153,Internationla Council of Women (ICW-CIF),USA,Lausanne,Switzerland,,,development organisation,,human rights organisation,,,Yes,International,46.519962,6.633597
96.246.31.188,Religious of the Sacred Heart of Mary,United States,Rome,Italy,http://rscm-gen.org/publicPages/ngo.aspx,,,,,,Religious NGO accredited to the UN,No,International,41.872389,12.48018
186176178185,cidehum,Costa Rica,San Jose,Costa Rica,www.cidehum.org,,,,human rights organisation,,,No,Regional,9.928069,-84.090725
108.29.25.102,Congregations of Saint Joseph,Estados Unidos,"246 E 46 St. New York, NY 10017",USA,,,development organisation,,human rights organisation,,,Yes,International,40.752411,-73.970825
24.193.17.93,VIVAT International,United States,New York,United States,www.vivatinternational.org,,,,human rights organisation,,Advocacy,Yes,International,40.712784,-74.005941
67107255163,Society of Catholic Medical missionaries,USA,London,UK,www.mms-un.org,,,,,,Faith Based,,International,51.507351,-0.127758
67244127100,International Federation of B usiness and Professional Women,US,Geneva,Switzerland,bpw-international.org,,development organisation,,human rights organisation,,,Yes,International,46.198392,6.142296
41.203.69.4,Network of Migration Research on Africa ( NOMRA),Nigeria,Lagos,Nigeria,www.nomra.org,,development organisation,,,,,No,Regional,6.524379,3.379206
187.146.223.19,Federacion Zacatecana A.C.,Mexico,Zacatecas,Mexico,www.fedzac.mx,,development organisation,,,,Migrant led organization,Yes,Regional,22.770925,-102.583254
69243124207,"Centro de los Derechos del Migrante, Inc. (CDM)",United States,Mexico City,Mexico,www.cdmigrante.org,,,,human rights organisation,,,No,Regional,19.432608,-99.133208
41.138.181.63,Asabe Shehu Yar'Adua Foundation,United States/Nigeria,Abuja,Nigeria,www.asyarf.org,,development organisation,,human rights organisation,,NGO/ Civil Society Organisation (CSO),No,International,9.066667,7.483333
87.241.56.66,Associazione Noi per Loro,Italy,Turin,Italy,www.noiperloro.org,,,,,,NGO,No,International,45.070312,7.686856
82229239144,CRID,France,Paris,France,www.crid.asso.fr,,development organisation,,,,Network of 50 French NGO's for international solidarity,No,Local/National,48.856614,2.352222
88.164.83.187,C'Pro G,FRANCE,Goussainville,France,www.saipro-g.com,,development organisation,,human rights organisation,,,Yes,Local/National,49.030467,2.471236
41.79.217.122,ORGANISATION POUR UNE CITOYENNETE UNIVERSELLE,FRANCE,93100 MONTREUIL,FRANCE,www.O-C-U.org,,,,human rights organisation,,,No,International,48.863812,2.448451
119.95.202.54,Center for Migrant Advocacy Philippines,Philippines,Quezon City,Philippines,centerformigrantadvocacy.com,,development organisation,,human rights organisation,,,No,Local/National,14.676041,121.0437
91.158.167.21,Puntland Community ry,FINLAND,HELSINKI,FINLAND,www.puntland-community.net,,development organisation,,human rights organisation,,,Yes,International,60.173324,24.941025
41.79.219.218,EMMAÜS INTERNATIONAL,FRANCE,MONTREUIL,FRANCE,www.emmaus-international.org,,development organisation,,human rights organisation,,,No,International,48.863812,2.448451
91152183250,Finnish African Diaspora Platform for Development -FAdp,Finland,Helsinki,Finland,,,development organisation,academia,human rights organisation,,,Yes,Local/National,60.173324,24.941025
195.6.215.9,France Libertes,France,paris,France,www.france-libertes.fr,,,,human rights organisation,,,No,International,48.856614,2.352222
62.142.22.215,"Finnish NGDO Platform to the EU, Kehys",Finland,Helsinki,Finland,www.kehys.fi,,development organisation,,,,,No,Regional,60.173324,24.941025
77.101.52.185,AFFORD,United Kingdom,London,United Kingdom,www.afford-uk.org,,development organisation,,,,,Yes,International,51.507351,-0.127758
81.30.44.249,BASUG- DIASPORA AND DEVELOPMENT,NETHERLANDS,THE HAGUE,NETHERLANDS,,,development organisation,,,,,Yes,Regional,52.070498,4.3007
150.101.189.85,Presentation Congregation Queensland,Australia,Brisbane,Australia,http://presentationsociety.org.au/congregations/queensland/,,,,,,Catholic Religious Women,No,Local/National,-27.471011,153.023449
49183194112,International Detention Coalition,Australia,Melbourne,Australia,Www.idcoalition.org,,,,human rights organisation,,,No,International,-37.814107,144.96328
86.46.251.227,Presentation Justice Network Ireland,Ireland,Mountmellick Town,Ireland,none,,,,,,"Education, Awareness Raising & Advocacy on issues of social justice and ecology",No,Local/National,53.118148,-7.326738
67.243.30.197,Congregation of Our Lady of Charity of the Good Shepherd,USA,Rome,Italy,http://www.buonpastoreint.org/jp-en,,,,human rights organisation,,Gender Equality and Girls' and Women's Rights,No,International,41.872389,12.48018
108.27.199.134,Loretto Community,United States of America,"Littleton, Colorado",United States of America,www.lorettocommunity.org,,,,human rights organisation,,Faith-based NGO,No,Local/National,39.613321,-105.01665
71245248178,Curia Generalizia Agostiniana - Augustinians International,USA,Rome,Italy,www.augustinians-un.org,,development organisation,,,,,Yes,International,41.872389,12.48018
198255142223,VIVAT International,USA,New York,USA,www.vivatinternational.org,,development organisation,,human rights organisation,,,,International,40.712784,-74.005941
188155239134,FIMM,Switzerland,Bern,Switzerland,www.fimm.ch,,,,human rights organisation,,Migrant organization,Yes,Local/National,46.947922,7.444608
201103197246,INEDIM,México,México City,méxico,www.estudiosdemigración.org,,,,human rights organisation,,,Yes,International,19.432608,-99.133208
148.244.42.174,Fundacion BBVA Bancomer,Mex,mex,mex,www.fundacionbbbvabancomer.org,,,,,private sector,,No,International,19.496873,-99.723267
74.101.83.23,UNANIMA International,USA,NY,USA,www.unanima-international.org,,,,,,NGO at the UN,No,International,40.712784,-74.005941
46.14.101.62,ISTITUTO INTERNAZIONALE MARIA AUSILIATRICE - IIMA,SWITZERLAND,GENEVA,SWITZERLAND,http://iimahumanrights.blogspot.com/,,,,,,ECOSOC STATUT,No,International,46.198392,6.142296
62175245162,MISIONES SALESIANAS,ESPAÑA,MADRID,SPAIN,www.misionessalesianas.org,,development organisation,,,,,No,International,40.416775,-3.70379
67.86.39.88,Salesian Missions,USA,"New Rochelle, NY",USA,,,,,,,religious,No,International,40.911488,-73.782355
49144220193,Migrant Forum in Asia,Philippines,Quezon City,Philippines,www.mfasia.org,,,,human rights organisation,,,Yes,Regional,14.676041,121.0437
72.94.238.68,Society of Catholic Medica lMissionaries,USA,London,UK,www.mms-un.org,,,,,,Faith Based,,International,51.507351,-0.127758
41.140.175.96,Réseau Marocain Transnational Migration & Développement (RMTMD),Morocco,Rabat,Morocco,pgae facebook : https://fr-fr.facebook.com/rmtmd.migrationdeveloppement,,development organisation,academia,human rights organisation,,,Yes,International,33.97159,-6.849813
71246127119,Sisters of Notre Dame de Namur,USA,Rome,Italy,www.sndden.org,,development organisation,academia,,,,No,International,41.872389,12.48018
80.42.142.106,Hope Medical Enterprises,UK,London,UK,www.hmeaid.com,,,,human rights organisation,,,Yes,International,51.507351,-0.127758
103.19.252.82,WARBE Development Foundation,Bangladesh,Dhaka,Bangladesh,www.warbe.org,,development organisation,,human rights organisation,,Migrants Association,Yes,Local/National,23.810332,90.412518
172.56.19.177,International Presentation Association of the Sisters of the Presentation of the Blessed Virgin Mary,USA,New York,USA,www.internationalpresentationassociation.org,,development organisation,,,,NGO,No,International,40.712784,-74.005941
39.53.166.40,Pakistan Rural Workers Social Welfare Organization,Pakistan,Bahawalpur,Pakistan,www.prwswo.org,,development organisation,,,,,No,Local/National,29.395722,71.683333
88138127167,Fédération des Associations Franco-Africaines par l'Appui économique,FRANCE,Paris,France,www.fafrad.org,,development organisation,,,,,Yes,Regional,48.856614,2.352222
195.5.203.164,Sisters of Charity Federation,USA,New York,USA,www.sisters-of-charity-federation.org,,development organisation,,human rights organisation,,,No,International,40.712784,-74.005941
216.165.126.85,World Organization for Early Chidhood Education (OMEP),USA,Hong Kong,China,wwww.worldomep.org,,,,,,NGO,No,International,22.396428,114.109497
62.56.218.194,Kenya Diaspora Alliance (KDA),South Sudan,"Washington, DC",USA,www.kenyadiasporaalliance.org,,,,,,Federation of Diaspora organizations,Yes,International,38.907192,-77.036871
83.233.157.46,Somali National Association in Sweden,Sweden,Stockholm,Sweden,www.srfs.se,,development organisation,,human rights organisation,,,,Regional,59.329323,18.068581
196.200.87.4,la federation des associations de migrants(FAM),MALI,BAMAKO,MALI,,,development organisation,,human rights organisation,,,Yes,Local/National,12.65,-8
141.75.223.75,Vifi Deutsche e.V,Germany,Bochum,Germany,,,development organisation,,,,,Yes,Local/National,51.481845,7.216236
81246119142,11.11.11 Coalition of the Flemish North-South Movement,Belgium,Brussels,Belgium,www.11.be,,development organisation,,,,Coalition of development organisations,No,Local/National,50.85034,4.35171
79.18.234.241,CADI (Comitato Antirazzista Durban Italia),Italy,Rome,Italy,,,development organisation,,human rights organisation,,,Yes,International,41.872389,12.48018
81.82.198.115,Medimmigrant,Belgium,Brussels,Belgium,www.medimmigrant.be,,,,human rights organisation,,,No,Local/National,50.85034,4.35171
197.254.48.210,African Migration and Development Policy Centre,Kenya,Nairobi,Kenya,Www.amadpoc.org,,,,,,Research Consultancy,Yes,Local/National,-1.292066,36.821946
41.218.252.21,"Health Services Woers' Union of TUC, Ghana",Ghana,Accra,Ghana,,trade union,,,,,,No,Local/National,5.55,-0.2
145.129.86.190,"Research and Development Centre, Nepal",Nepal,Kathmandu,Nepal,www.rdcnepal.org.np,,development organisation,,human rights organisation,,,No,Local/National,27.7,85.333333
195.169.146.27,HIRDA,The Netherland,Amsterdam,The Netherland,www.hirda.org,,development organisation,,,,,Yes,Regional,52.368997,4.901083
77249116216,Ecodel pour le développement équitable,Morocco,Larache,Morocco,Under construction,,development organisation,,,,,Yes,Local/National,35.183333,-6.15
193.173.50.222,Cordaid,Netherlands,The Hague,Netherlands,www.cordaid.nl,,development organisation,,,,,No,International,52.070498,4.3007
80.218.175.54,Terre des Hommes International Federation,Switzerland,Geneva,Switzerland,www.terredeshommes.org,,development organisation,,,,,No,International,46.198392,6.142296
195.24.209.22,Nigerian Diaspora Youths Movement for Peace and Development International Organization (NDYMPDIO)-Cameroon,cameroon,Limbe,Cameroon,,,development organisation,,human rights organisation,,,Yes,International,4.022466,9.195443
197.156.111.5,Alliance For Brain Gain and Innovative Development (ABIDE),Ethiopia,Addis Abeba,Ethiopia,www.abideethiopia.org,,development organisation,,,,,Yes,Local/National,8.980603,38.757761
46.5.106.84,Kamerun4AfrikaClub e. V.,Germany,Aalen,Germany,www.kamerun4afrikaclub.de,,development organisation,,,,,Yes,Local/National,48.836689,10.097116
87.78.49.77,Agisra e.V./ Information and Counseling Center for Female Migrants and Refugees,Germany,Koeln,Germany,Www.agisra.org,,,,human rights organisation,,Migrant women organization,Yes,Local/National,50.937531,6.960279
41.202.219.71,Solidarité Agissante pour le Developpement Familial [SADF],Cameroun,Lemba Kinshasa/ Biyem Assi Lycée Youndé,RD.CONGO and Cameroon,www.cioa-rdc.com,trade union,development organisation,,human rights organisation,,,Yes,Local/National,-4.396111,15.318889
41.203.69.6,Campaign2015+ International,Nigeria,Ibadan,Nigeria,www.campaign2015plusnigeria.org,,development organisation,,human rights organisation,,,Yes,International,7.396389,3.916667
41.93.151.113,Childlink Foundation,Ghana,Accra,Ghana,,,development organisation,,,,,Yes,Local/National,5.55,-0.2
180211175226,Kapo Seba Sangha KSS,Bangladesh,Rangamati,Bangladesh,www.ksschtbd.blogspot.com,,development organisation,,,,,Yes,Local/National,22.65735,92.173271
58.97.142.77,kathak academy bangladesh(KAB)United nations Civil Society(Database),bangladesh,dhaka,bangladesh,www.kabbd.org,,development organisation,,,,,No,Local/National,23.810332,90.412518
197.159.10.229,ONG UN MONDE AVENIR,CAMEROUN,DOUALA,CAMEROUN,www.unmondeavenir.org,,,,human rights organisation,,,Yes,Local/National,4.05,9.7
110.34.29.153,POURAKHI- Nepal,NEPAL,Kathmandu,Nepal,www.pourakhi.org.np,,development organisation,,,,,Yes,Local/National,27.7,85.333333
81.159.188.68,Tich Touch Ltd,United Kingdom,Borehamwood,United Kingdom,www.tichtouch.com,,,,,private sector,,Yes,Regional,51.657728,-0.272308
149.3.125.114,International Youth  Association TIP,Georgia,Tbilisi,Georgia,www.tip.ge,,,,human rights organisation,,,No,International,41.716667,44.783333
186.66.121.146,"Plataforma Interamericana de Derechos Humanos, Democracia y Desarrollo (PIDHDD)",Ecuador,Quito,Ecuador,www.pidhdd.org,,,,human rights organisation,,,No,Regional,-0.180653,-78.467838
37.201.227.9,Federation of Environmental and Ecological Diversity for Agricultural Revampment and Human Rights (FEEDAR & HR),Cameroon,Kumba,Cameroon,www.feedar.interconnection.org,,development organisation,,human rights organisation,,,No,International,4.633333,9.45
116.49.51.157,Mekong Migration Network,Hong Kong,Hong Kong,China,www.mekongmigration.org,,,,human rights organisation,,sub regional network of civil society organisations working to promote and protect migrants' rights,Yes,Regional,22.396428,114.109497
187.143.62.189,Red Casas Del Migrante Scalabrini,Mexico,TAPACHULA,CHIAPAS,,,development organisation,,,,PREVENTION ANHD PROTECTION OF MIGRANTS AND RESCUE OF VICTIMS IN HUMAN TRAFFICKING,No,International,14.90556,-92.263421
86.177.196.29,Research and Enterprise for Diaspora - UK (RED-UK),United Kingdom,Bognor Regis,United Kingdom,https://www.facebook.com/pages/Red-Uk/1476800792536913,,development organisation,,,,,Yes,International,50.782998,-0.673061
